{"cameraMode":{"drawMode":0,"name":"Shaded","section":"Shading Mode"},"sceneLighting":true,"audioPlay":false,"sceneViewState":{"m_AlwaysRefresh":false,"showFog":true,"showSkybox":true,"showFlares":true,"showImageEffects":true,"showParticleSystems":true,"showVisualEffectGraphs":true,"m_FxEnabled":true},"in2DMode":false,"pivot":{"x":575.1096801757813,"y":111.60346984863281,"z":10.87471866607666},"rotation":{"x":0.20872943103313447,"y":0.01613357663154602,"z":-0.0034436953719705345,"w":0.9778291583061218},"size":42.95576095581055,"orthographic":false}