{"cameraMode":{"drawMode":0,"name":"Shaded","section":"Shading Mode"},"sceneLighting":true,"audioPlay":false,"sceneViewState":{"m_AlwaysRefresh":false,"showFog":true,"showSkybox":true,"showFlares":true,"showImageEffects":true,"showParticleSystems":true,"showVisualEffectGraphs":true,"m_FxEnabled":true},"in2DMode":false,"pivot":{"x":-17.96326446533203,"y":-1.7608669996261597,"z":4.8300933837890629},"rotation":{"x":-0.08681277185678482,"y":-0.09340707212686539,"z":0.008176006376743317,"w":-0.9918020367622376},"size":45.3843994140625,"orthographic":false}