{"cameraMode":{"drawMode":0,"name":"Shaded","section":"Shading Mode"},"sceneLighting":true,"audioPlay":false,"sceneViewState":{"m_AlwaysRefresh":false,"showFog":true,"showSkybox":true,"showFlares":true,"showImageEffects":true,"showParticleSystems":true,"showVisualEffectGraphs":true,"m_FxEnabled":true},"in2DMode":false,"pivot":{"x":-30.760400772094728,"y":0.3413578271865845,"z":0.9541648030281067},"rotation":{"x":-0.06023300439119339,"y":-0.03532775864005089,"z":0.002135048620402813,"w":-0.9975495338439941},"size":46.063507080078128,"orthographic":false}