{"cameraMode":{"drawMode":0,"name":"Shaded","section":"Shading Mode"},"sceneLighting":true,"audioPlay":false,"sceneViewState":{"m_AlwaysRefresh":false,"showFog":true,"showSkybox":true,"showFlares":true,"showImageEffects":true,"showParticleSystems":true,"showVisualEffectGraphs":true,"m_FxEnabled":true},"in2DMode":false,"pivot":{"x":-17.96326446533203,"y":-1.7608669996261597,"z":4.8300933837890629},"rotation":{"x":-0.0602608360350132,"y":0.01856294646859169,"z":-0.001120799919590354,"w":-0.9980090856552124},"size":113.52344512939453,"orthographic":false}